{"cameraMode":{"drawMode":0,"name":"Shaded","section":"Shading Mode"},"sceneLighting":true,"audioPlay":false,"sceneViewState":{"showFog":false,"showMaterialUpdate":false,"showSkybox":false,"showFlares":false,"showImageEffects":false,"showParticleSystems":false},"in2DMode":false,"pivot":{"x":3.806642532348633,"y":2.34470272064209,"z":11.652013778686524},"rotation":{"x":-0.13924577832221986,"y":0.2473217397928238,"z":-0.0359407439827919,"w":-0.9582025408744812},"size":5.107395172119141,"orthographic":false}